{"win_rates": {"R2D2": 29, "C-3PO": 71}, "food_eaten_freq": {"R2D2": 20, "C-3PO": 13}, "_timestamp": 1669102555.803919, "_runtime": 56.976181983947754, "_step": 500, "_wandb": {"runtime": 56}}