{"win_rates": [29, 71], "food_eaten_freq": [17, 24], "_timestamp": 1669101615.487479, "_runtime": 51.79828906059265, "_step": 18, "_wandb": {"runtime": 55}}