{"win_rates": [100, 0], "food_eaten_freq": [0, 0], "_timestamp": 1669101422.1373298, "_runtime": 1.1573257446289062, "_step": 0, "_wandb": {"runtime": 4}}