{"win_rates": {"R2D2": 20, "C-3PO": 80}, "food_eaten_freq": {"R2D2": 17, "C-3PO": 19}, "_timestamp": 1669102145.197997, "_runtime": 60.70497918128967, "_step": 20, "_wandb": {"runtime": 59}}