{"win_rates": {"R2D2": 36, "C-3PO": 64}, "food_eaten_freq": {"R2D2": 19, "C-3PO": 25}, "win_rate": 0.36, "food_eaten_rate": 0.19, "chewed_on_time": 0.6387671732678384, "_timestamp": 1669109378.839605, "_runtime": 53.14795112609863, "_step": 500, "_wandb": {"runtime": 52}}